id_salarié;Sexe;Prénom/Nom;Telephone;Date_naissance;Etat Civil;Congé maternité A-1;Enfants
16960619-9017;H;Christopher Auger;33605986791;1984-06-26;Célibataire;0;0
16470418-3807;H;Josué Maitre;33696117333;1978-07-25;Célibataire;0;0
16560122-3612;H;Grégory Rochefort;33634210858;1984-05-15;Marié;0;0
16550903-3725;H;Silvain Descombes;33636007657;1993-03-27;0;0;3
16990924-2829;F;Laëtitia Rapace;33624526743;1984-02-18;Marié;0;3
16600919-9578;H;Benjamin Poulin;33652996035;1989-07-16;Célibataire;0;1
16030220-7121;F;Ivanna Calvet;33616554578;1981-01-22;Célibataire;0;0
16560416-4227;F;Andrée Brassard;33614060236;1983-09-21;Marié;0;0
16750821-7945;H;Remi Lavigne;33603462659;1973-01-22;Marié;0;1
16240230-3065;H;Abraham Barthet;33689657605;1970-10-04;Célibataire;0;0
16231022-5566;H;Philippe Cousteau;33640307826;1983-03-10;Célibataire;0;2
16290104-5498;H;Wilfrid Jaccoud;33698908272;1977-02-02;Marié;0;2
16460821-8733;H;Michel Riqueti;33688015743;1977-12-31;0;0;1
16330528-4048;F;Flore Montgomery;33632721448;1990-06-04;0;0;1
16110307-6129;F;Romane Bocuse;33687866794;1978-07-19;0;0;3
16310121-8257;H;Éric Lucy;33685751352;1971-04-23;0;0;0
16721204-5277;H;Isaac Aliker;33623973073;1978-11-03;Célibataire;0;2
16050210-5695;F;Myriam Chapelle;33671051572;1973-12-18;Marié;0;1
16691022-5702;H;Ernest Baume;33623497835;1969-10-23;Marié;0;1
16810204-2564;F;Hélène Longchambon;33643686564;1979-02-26;0;0;1
16410407-6098;F;Frédérique Rochette;33608849432;1968-02-03;Marié;0;1
16241106-8329;F;Estelle Nicollier;33601259171;1982-08-11;Célibataire;0;1
16081120-1045;F;Alizée Bourseiller;33643478570;1972-10-17;Célibataire;0;3
16900610-6265;H;Cyrille Bouhier;33668651377;1966-07-19;Célibataire;0;3
16850330-5826;H;Ignace Bouchard;33685248000;1982-01-31;Marié;0;2
16740413-0572;H;Florentin Mace;33695013821;1995-06-30;Marié;0;0
16020327-1465;F;Marie-Claire Bachelet;33609243379;1981-08-19;Célibataire;0;3
16360908-7378;F;Océane Botrel;33606647789;1992-02-28;Célibataire;0;3
16100419-9707;F;Yolande Bouchard;33644657926;1988-12-23;Célibataire;0;3
16720627-1632;H;Norbert Reverdin;33617643541;1992-02-13;Marié;0;1
16830122-2462;H;Jonathan Bourgeois;33625197208;1969-01-05;Marié;0;0
16111023-3358;H;Colin Tourneur;33621484546;1965-07-27;Marié;0;3
16421204-6850;H;Alexandre Courbet;33668143037;1965-02-19;0;0;3
16250316-9381;F;Nina Massé;33698987447;1981-10-19;Marié;0;0
16530329-9431;F;Charlène Doisneau;33670025810;1977-08-18;Célibataire;0;0
16590918-0399;H;Abeau Blanc;33623771830;1982-02-10;Marié;0;2
16920528-2461;H;Florentin Batteux;33656705547;1987-09-12;Célibataire;0;2
16400410-2770;H;Alexis Vasseur;33690348045;1973-04-04;Célibataire;0;2
16560624-9059;F;Clotilde Berengar;33622966497;1971-09-23;0;0;0
16560517-2740;H;Roland Bissonnette;33637437255;1990-07-07;0;0;0
16610522-9428;F;Élisabeth Bonnet;33673418342;1986-06-26;0;0;3
16020701-3376;F;Claire Chagnon;33683289092;1989-10-09;Célibataire;0;1
16710204-1402;H;Geoffroy Silvestre;33647632239;1987-04-28;Marié;0;0
16910902-6667;F;Yvette Baillairgé;33679538889;1961-03-03;Célibataire;0;2
16030828-8604;F;Évelyne Pretre;33613083740;1978-04-29;0;0;1
16500419-9062;F;Simone Devereux;33664714194;1991-10-08;0;0;1
16820814-8992;H;Alban Robiquet;33611936281;1976-01-11;0;0;3
16451112-4747;F;Gaëtane Trouvé;33665608607;1976-05-14;0;0;1
16760117-3029;F;Margaux Bureau;33676920395;1966-01-26;0;0;1
16720410-2094;F;Morgane Grinda;33652564750;1979-04-10;Célibataire;0;3
16610722-2223;H;Ladislas Beauvilliers;33685461286;1979-05-03;Célibataire;0;2
16730908-9915;F;Bélise Noir;33622759707;1964-02-26;Marié;0;1
16100719-6502;F;Anna Lemaître;33645389674;1991-09-27;Célibataire;0;0
16431129-7214;F;Claudia Cellier;33682117332;1979-04-19;0;0;3
16080824-2457;H;Godefroy Morel;33693066965;1981-06-26;0;0;2
16320910-2411;H;Lilian Pueyrredón;33665411168;1971-06-24;Marié;0;3
16420516-7234;H;Armand Rouanet;33670435369;1989-02-15;Marié;0;2
16311229-8504;F;Frédérique Berlioz;33656832495;1980-10-04;Marié;0;0
16770513-2772;F;Valentine Lozé;33623326572;1983-12-05;Marié;0;3
16370212-9440;H;Denis Kaplan;33616357914;1982-11-04;Marié;0;3
16021124-8356;F;Édith Granet;33614696286;1974-10-06;0;0;1
16290605-1228;H;Mathieu Rochefort;33625603121;1988-09-09;Marié;0;3
16181114-4680;F;Caro Renou;33695337734;1982-10-16;0;0;0
16500514-6310;F;Bérénice Michaux;33612571783;1983-04-13;Marié;0;0
16840316-2442;F;Janine Trouvé;33649052596;1965-08-10;0;0;1
16090824-7661;H;Brice Popelin;33685419490;1995-02-06;Célibataire;0;2
16940414-0312;F;Pascaline Nicollier;33620977766;1987-01-19;0;0;3
16020725-8401;F;Séverine Gaumont;33684333280;1987-04-26;Marié;0;0
16581203-8213;H;Fabien Lagarde;33623692055;1975-06-19;Marié;0;2
16900402-0286;H;Abelin Doisneau;33606261670;1968-01-26;Célibataire;0;2
16640715-7632;H;Florentin Deloffre;33620465424;1970-11-22;Marié;0;3
16281009-4371;H;Serge Crevier;33677461802;1964-07-17;0;0;2
16080130-8107;H;Thaddée Batteux;33678070755;1982-05-13;0;0;0
16711027-7246;H;Cyrille Beaufils;33665839307;1991-10-17;Célibataire;0;2
16831218-0485;F;Chloé Benett;33641293825;1986-10-18;Célibataire;0;0
16100329-5753;F;Inès Bruneau;33633320459;1989-07-20;0;1;1
16571101-6617;H;Franck Carpentier;33666326751;1976-02-26;Célibataire;0;1
16931009-2151;H;Frédéric Geffroy;33673359989;1971-04-19;Marié;0;0
16230105-6343;H;Joël Hémery;33630441721;1973-03-21;Marié;0;0
16621028-8244;F;Valérie Monteil;33680917185;1989-10-22;Marié;0;3
16800116-6613;H;Alceste Morel;33692596498;1967-11-30;Célibataire;0;1
16140409-8707;F;Gervaise Delaunay;33681017673;1993-09-19;Célibataire;1;3
16551001-4151;F;Agathe Berengar;33608137743;1978-11-03;Marié;0;2
16341225-2086;F;Noëlle Lambert;33620332212;1982-09-22;Marié;0;3
16430518-1481;F;Reine Stuart;33634742157;1965-07-05;Célibataire;0;1
16000206-8278;F;Pascale Duclos;33677289138;1966-12-07;0;0;2
16560730-2626;H;Alban Mossé;33685615040;1965-12-14;0;0;1
16170926-3188;H;Florentin Spanghero;33690448144;1985-04-24;0;0;0
16300713-6405;F;Rébecca Le Sueur;33672738325;1980-04-04;0;0;3
16640209-4004;H;Robin Laurens;33682798490;1971-05-31;0;0;2
16220428-5924;H;Lou Crevier;33609674783;1976-01-15;0;0;0
16770921-1705;F;Lydie Chevalier;33633887694;1990-02-02;Marié;0;1
16660325-6006;F;Marie-Laure Bourbeau;33633050770;1966-11-15;0;0;1
16141213-3603;F;Yvonne Beaux;33660541376;1979-05-20;Marié;0;2
16920917-6040;H;Stéphane Bullion;33628506550;1978-03-23;Célibataire;0;1
16341230-0471;H;Amadou Fétique;33621555714;1975-12-06;0;0;2
16731208-8904;H;Florentin Beauvau;33657279181;1995-05-23;Célibataire;0;0
16050619-6252;F;Sonia Corne;33621667514;1976-11-19;Célibataire;0;2
16170310-5534;F;Annie Héroux;33664623983;1975-05-17;Marié;0;3
16491209-6288;H;Denis Bonnot;33635984406;1986-11-01;0;0;0
16220127-8625;H;Armand Bozonnet;33617465062;1981-07-02;Célibataire;0;2
16200506-8370;H;Thibaud Longchambon;33600312588;1979-10-08;Célibataire;0;2
16880121-1056;H;Estienne Tremblay;33648703951;1977-10-23;Marié;0;1
16661123-8764;H;Nicolas Jaccoud;33660029842;1978-09-22;Célibataire;0;3
16671208-2624;F;Marie Gaubert;33643606289;1974-11-27;0;0;0
16111130-1717;H;Florent Longchambon;33633380803;1992-09-10;0;0;3
16510216-5973;H;Nathan Beaulne;33666983387;1981-09-24;Marié;0;3
16931211-0175;F;Agnès Balzac;33633188679;1973-02-04;0;0;3
16400120-2136;H;Patrick Boudon;33685264498;1986-03-24;0;0;1
16340716-8222;H;Nathan Moitessier;33669562021;1987-04-28;Marié;0;3
16101212-2048;H;Émilien Suchet;33698140339;1971-02-15;Marié;0;0
16130305-6954;F;Marie-Claire Besnard;33685888970;1971-09-02;0;0;1
16100424-1459;H;Séverin Morin;33694336511;1989-07-15;Célibataire;0;3
16710920-7451;F;Nikita Delafosse;33647080412;1998-08-14;Marié;0;1
16750302-5590;F;Mélissa Lecerf;33670801501;1985-11-13;0;0;1
16940521-7028;F;Marguerite Crépin;33669581343;1963-04-07;0;0;2
16920713-6616;H;Clément Rochefort;33618569981;1979-08-12;Marié;0;1
16960628-0338;H;Jocelyn Baumé;33681114645;1976-11-07;0;0;0
16950828-2259;H;Désiré Darche;33699081570;1993-08-09;Célibataire;0;2
16400510-0542;H;Amand Delcroix;33655958353;1973-01-09;Célibataire;0;3
16761028-0344;H;Cyril Laurent;33610438694;1971-11-12;0;0;3
16910826-9763;F;Carine Trémaux;33628940519;1979-12-09;Célibataire;0;1
16850430-6617;H;Alexis Philidor;33669572927;1964-06-19;0;0;1
16050721-8014;F;Alizée Manaudou;33632874267;1960-07-03;Marié;0;3
16260415-5834;H;Théophile Vernier;33682757109;1974-09-07;0;0;0
16450910-7050;F;Laurence Quint;33637763037;1976-03-07;Célibataire;0;3
16420625-3827;H;Hippolyte Compere;33644102797;1982-02-08;Marié;0;0
16031007-1667;F;Jennifer Suchet;33646504743;1982-10-06;0;0;0
16270818-3112;F;Valérie Poulin;33694138877;1971-10-25;Marié;0;0
16320923-9437;F;Muriel Bellegarde;33611893769;1971-05-28;Célibataire;0;0
16741025-9738;F;Nancy Beaux;33695352978;1992-03-19;0;1;2
16390301-2403;H;Gwenaël Brunet;33666770026;1968-11-25;Marié;0;3
16590417-5196;H;Lionel Popelin;33609259867;1975-02-27;0;0;0
16011205-0331;F;Nicole Affré;33640934749;1965-04-23;Célibataire;0;2
16340806-9395;F;Marie-Paule Féret;33602281793;1973-01-04;Marié;0;0
16520121-8566;F;Ophélie Manoury;33607933405;1988-06-05;Marié;0;0
16620809-2681;H;Ludovic Boudon;33684288362;1994-01-27;0;0;0
16370717-6461;F;Rose-Marie Blanc;33667615558;1985-12-14;Marié;0;2
16661124-0695;F;Peggy Brousseau;33653605903;1984-11-16;Célibataire;0;0
16520612-7770;F;Marie-Madeleine Frère;33697029629;1968-12-18;Célibataire;0;2
16461115-9486;H;Adolphe Magnier;33663185848;1985-10-12;Marié;0;1
16490707-4639;F;Yseult Mignard;33621916206;1976-05-04;Célibataire;0;1
16820517-1112;F;Bélise Bonnet;33667036027;1980-12-02;0;0;1
16810725-6144;H;Christian D'Amboise;33667121245;1973-07-14;Marié;0;1
16440228-5151;H;Olivier LeBeau;33628977500;1974-01-22;Marié;0;3
16550904-2932;F;Julie Botrel;33661890256;1977-05-14;Célibataire;0;3
16600811-0956;H;Olivier Joguet;33619163023;1973-02-12;Célibataire;0;3
16990414-3527;H;Aurélien Beaubois;33660488569;1963-07-01;Célibataire;0;0
16460313-0032;F;Monique Auger;33681938069;1963-02-10;Marié;0;0
16431030-6354;H;Eugène Landry;33607703784;1988-06-13;Marié;0;3
16540514-9153;H;Jean-Baptiste Boulle;33633008531;1971-03-30;Célibataire;0;0
16310403-3810;F;Solenne Delsarte;33616694713;1974-09-07;Célibataire;0;0
16360616-0509;F;Esther Plessis;33659594210;1992-08-10;0;0;2
16320710-7636;H;Côme Laffitte;33639977843;1968-03-26;Marié;0;2
16910501-3081;F;Alexia Guilbert;33631441975;1976-08-18;Marié;0;0
16431025-4026;H;Yvon Gagnon;33637714362;1985-06-23;Célibataire;0;0
16050407-7405;F;Charlotte Lémery;33677309980;1964-03-21;Marié;0;1
16601210-4086;F;Jessica Bozonnet;33669501753;1981-11-16;Marié;0;1
16400112-6921;H;Élisée Beauregard;33614495738;1968-03-14;Marié;0;1
16230523-1322;F;Anastasie Girardot;33697554237;1988-11-04;0;0;0
16220420-6227;H;Christophe Mallette;33683794378;1983-02-05;0;0;0
16241218-7045;H;Alceste Barbier;33690108750;1967-07-15;0;0;2
16411102-7886;H;Arthur Duverger;33699123922;1993-03-18;Marié;0;1
16230718-4297;F;Alexandra Auguste;33629910592;1973-03-01;Marié;0;1
16410421-3634;F;Murielle Chevotet;33674764472;1970-02-15;Célibataire;0;3
16620606-6349;H;Marian Bessette;33680061765;1982-03-13;0;0;1
16360125-5924;F;Marie Berengar;33624840475;1967-04-02;Marié;0;3
16390127-6224;F;Lucie Gaudreau;33641131944;1973-10-25;0;0;1
16981206-3817;F;Flora Lajoie;33651981019;1978-01-19;0;0;1
16451016-1336;H;Rémy Thibodeaux;33641158665;1985-07-06;Marié;0;2
16560125-0110;H;Maxime De Villepin;33638287322;1987-02-23;Marié;0;1
16301226-6122;H;Timothée Delaunay;33652885601;1960-12-07;0;0;1
16690714-7836;F;Nancy Delacroix;33682388988;1979-03-25;0;0;1
16680515-6269;F;Annette Badeaux;33611798842;1985-06-19;0;0;2
16781122-5775;H;Amadou Berlioz;33610101329;1978-04-22;Marié;0;2
16620412-8323;F;Géraldine Devereux;33664250764;1997-11-16;Célibataire;1;2
16861012-1389;H;Kévin Guilloux;33681634010;1976-06-26;Célibataire;0;2
16891006-1830;H;Benjamin Lalande;33685112297;1994-05-08;Célibataire;0;2
16700930-1784;H;Renaud Guillaume;33682202074;1984-08-04;0;0;0
16090206-9129;F;Mélissa Gainsbourg;33690148708;1969-09-02;Célibataire;0;1
16100606-3398;H;Émile Poincaré;33627192784;1988-06-12;Marié;0;0
16820319-6442;H;Godefroy Marais;33649853247;1976-12-16;Célibataire;0;2
16670406-9274;H;Pierre-Antoine Landry;33611586445;1970-09-30;Marié;0;3
16440819-3466;F;Caroline Dembélé;33641327671;1989-02-25;Marié;0;1
16430903-4405;F;Eugénie Grandjean;33674887408;1971-03-08;Marié;0;3
16860412-1965;H;Côme Martin;33647351913;1983-10-18;Marié;0;1
16650614-4689;F;Séraphine Deshaies;33698852761;1974-11-02;Marié;0;3
16670913-0147;F;Jessica Brousseau;33698491351;1998-05-20;Célibataire;0;1
16790704-0179;F;Maud Rousselle;33637914433;1979-12-31;Marié;0;3
16810820-7468;F;Bérengère Levasseur;33614612887;1979-08-30;Marié;0;3
16890313-1335;F;Manon Mazet;33671327502;1966-10-22;Marié;0;2
16951117-9468;F;Solenne Chapuis;33651839416;1963-08-01;0;0;3
16920105-1209;F;Solenne Delannoy;33607958599;1961-07-07;Célibataire;0;1
16090608-0239;F;Philomène Niel;33689720838;1974-03-03;Marié;0;2
16770802-4604;F;Christelle Tomas;33629546308;1964-03-17;Marié;0;2
16170623-3887;F;Magali Duverger;33639334116;1970-06-29;Célibataire;0;2
16870824-4853;H;Vivien Bourguignon;33614171329;1995-07-01;Célibataire;0;3
16660922-3489;F;Joséphine Clair;33672356573;1970-07-12;Marié;0;1
16211102-1297;H;Jean-Louis Duchemin;33627082536;1977-09-13;Célibataire;0;0
16611004-8219;F;Alix Trudeau;33664852106;1986-04-11;Célibataire;0;2
16640301-8754;F;Nancy Morel;33613907165;1968-08-22;Célibataire;0;2
16740208-0084;F;Alberte Mossé;33657984257;1972-01-26;Célibataire;0;1
16960906-7989;H;Fabien Cerf;33626873728;1991-03-04;0;0;0
16600521-9024;H;Matthias Allaire;33609177819;1977-09-09;Marié;0;1
16160206-9161;H;Germain Dieulafoy;33613094507;1960-01-16;Célibataire;0;3
16350127-5733;H;Jean-Marc Baumé;33625304926;1974-03-22;Célibataire;0;3
16080411-7877;H;Mathias Guilbert;33605952303;1970-03-13;Célibataire;0;3
16560103-9174;H;Pierre-Louis Courbis;33609773815;1967-10-15;0;0;1
16950514-2464;H;Jean-Guy Rousselle;33637394192;1987-03-09;0;0;2
16891013-6921;H;Eugène Gérin;33648278929;1959-07-16;0;0;3
16381004-1917;H;Dominique Jeannin;33697037187;1968-08-09;Célibataire;0;0
16720411-0782;F;Amanda Cochet;33677225931;1976-08-10;Marié;0;2
16181212-5860;H;Emmanuel Gaudin;33631599903;1971-03-04;0;0;0
16060812-9664;H;Kevin Dujardin;33664999760;1964-07-02;Marié;0;0
16190724-3065;H;Stanislas Sartre;33692085172;1989-06-19;Marié;0;0
16301213-1524;H;Pierre-Antoine Bellegarde;33614928799;1987-03-27;Marié;0;2
16700908-2889;H;Jean-Loup Chapuis;33654650494;1987-01-06;Marié;0;2
16181217-7101;F;Claire Robineau;33607822946;1977-11-06;0;0;2
16891203-4397;F;Micheline Poussin;33693314366;1975-10-08;Célibataire;0;0
16730918-6273;F;Anne Beaumanoir;33670650694;1975-01-03;Marié;0;1
16721116-8286;H;Pierre-Antoine Lecerf;33685109199;1976-08-03;Marié;0;2
16710125-5136;F;Jocelyne Picard;33688208083;1989-07-27;0;0;1
16441109-5385;H;Roch Lemaigre;33632404277;1974-11-28;Célibataire;0;1
16240920-3425;F;Linda Jaccoud;33682429215;1972-05-15;Célibataire;0;3
16091122-3147;F;Déborah Hennequin;33611601056;1992-03-03;0;0;3
16920219-1855;F;Annette Micheaux;33667982744;1978-08-15;Célibataire;0;3
16540728-0337;F;Nikita Brosseau;33660672943;1967-12-26;0;0;1
16460901-9957;F;Rachelle Allais;33657167943;1976-08-05;Marié;0;0
16421009-6154;F;Marie-Paule Pélissier;33658728464;1982-03-20;Célibataire;0;2
16330117-4748;F;Nancy Rodier;33638911495;1966-07-26;0;0;1
16820822-2953;F;Capucine Duret;33649894302;1999-01-30;0;1;2
16460901-5575;H;Serge Neri;33632610552;1964-09-14;0;0;2
16891227-4985;F;Valentine Berengar;33681881069;1995-04-23;Célibataire;0;0
16290714-4014;F;Héloïse Jauffret;33695962462;1988-05-14;Célibataire;0;1
16221207-5101;H;Mathéo Boudon;33698132774;1979-04-21;Célibataire;0;0
16360827-6352;F;Julie Mignard;33680086618;1997-05-06;0;1;1
16810711-6330;H;Anatole Girault;33683124664;1988-11-25;0;0;0
16350925-6446;H;Christophe Simon;33679381479;1984-09-11;Célibataire;0;2
16081104-1011;F;Thècle Baudet;33653326499;1993-07-22;Marié;1;3
16910810-9712;H;Didier Trudeau;33620891528;1977-02-18;0;0;1
16810230-7785;F;Yseult Chagnon;33639262801;1991-05-28;Célibataire;1;3
16851208-5567;H;Grégory Brousseau;33651038758;1980-03-31;Célibataire;0;0
16760706-4982;H;Max Niel;33681320220;1987-10-06;0;0;1
16780226-1060;H;Brice Souchon;33626518525;1970-02-08;Marié;0;3
16640904-2246;H;Quentin Lemaigre;33674943654;1992-10-29;Célibataire;0;3
16681012-6406;F;Roberte Charrier;33633304653;1976-03-31;0;0;2
16630411-0916;H;Marian Rousseau;33606523612;1973-11-19;0;0;3
16890714-6248;H;Florent Favre;33608492285;1974-10-12;Marié;0;0
16300407-2348;F;Félicité Aubert;33627250313;1977-08-28;0;0;3
16970415-1050;H;Denis Vérany;33607599922;1971-10-25;Marié;0;3
16580220-7323;H;Séverin Béliveau;33632401431;1997-04-05;Marié;0;0
16820525-6301;H;Jean-Claude Naudé;33681330689;1984-07-20;0;0;0
16260907-1895;F;Adélaïde Mace;33677524821;1991-12-16;Marié;0;1
16021125-4271;H;Remy Lavaud;33660189192;1979-02-20;Célibataire;0;2
16761104-5282;H;Raphaël Asselineau;33681201291;1974-12-09;0;0;0
16610809-8713;F;Marina Delcroix;33607200949;1990-02-10;Marié;0;1
